Decade_A,Decade_B,Cosine_Similarity
1990s,2000s,0.984297
2000s,2010s,0.981376
2010s,2020s,0.981141
